Code,Name
005930,삼성전자
000660,SK하이닉스
373220,LG에너지솔루션
207940,삼성바이오로직스
005935,삼성전자우
005380,현대차
005490,POSCO홀딩스
000270,기아
035420,NAVER
051910,LG화학
006400,삼성SDI
247540,에코프로비엠
068270,셀트리온
003670,포스코퓨처엠
035720,카카오
028260,삼성물산
012330,현대모비스
105560,KB금융
055550,신한지주
086520,에코프로
066570,LG전자
096770,SK이노베이션
032830,삼성생명
011200,HMM
323410,카카오뱅크
018260,삼성에스디에스
003550,LG
034730,SK
091990,셀트리온헬스케어
086790,하나금융지주
000810,삼성화재
015760,한국전력
450080,에코프로머티
033780,KT&G
138040,메리츠금융지주
009150,삼성전기
329180,HD현대중공업
047050,포스코인터내셔널
022100,포스코DX
017670,SK텔레콤
010130,고려아연
034020,두산에너빌리티
352820,하이브
316140,우리금융지주
024110,기업은행
259960,크래프톤
003490,대한항공
030200,KT
009540,HD한국조선해양
090430,아모레퍼시픽
010950,S-Oil
326030,SK바이오팜
042660,한화오션
086280,현대글로비스
454910,두산로보틱스
066970,엘앤에프
402340,SK스퀘어
001570,금양
010140,삼성중공업
009830,한화솔루션
028300,HLB
011170,롯데케미칼
377300,카카오페이
012450,한화에어로스페이스
042700,한미반도체
307950,현대오토에버
005830,DB손해보험
361610,SK아이이테크놀로지
011070,LG이노텍
302440,SK바이오사이언스
028050,삼성엔지니어링
051900,LG생활건강
161390,한국타이어앤테크놀로지
088980,맥쿼리인프라
036570,엔씨소프트
000100,유한양행
241560,두산밥캣
196170,알테오젠
251270,넷마블
047810,한국항공우주
005070,코스모신소재
097950,CJ제일제당
267250,HD현대
004020,현대제철
271560,오리온
180640,한진칼
006800,미래에셋증권
032640,LG유플러스
034220,LG디스플레이
128940,한미약품
021240,코웨이
005387,현대차2우B
000720,현대건설
403870,HPSP
018880,한온시스템
011780,금호석유
029780,삼성카드
078930,GS
035900,JYP Ent.
068760,셀트리온제약
277810,레인보우로보틱스
035250,강원랜드
016360,삼성증권
011790,SKC
005940,NH투자증권
383220,F&F
071050,한국금융지주
010620,현대미포조선
272210,한화시스템
058470,리노공업
000120,CJ대한통운
006260,LS
267260,HD현대일렉트릭
079550,LIG넥스원
004990,롯데지주
064350,현대로템
003410,쌍용C&E
112610,씨에스윈드
001040,CJ
001450,현대해상
008930,한미사이언스
005385,현대차우
014680,한솔케미칼
417200,LS머트리얼즈
000990,DB하이텍
039490,키움증권
008770,호텔신라
263750,펄어비스
004370,농심
214150,클래시스
007070,GS리테일
088350,한화생명
052690,한전기술
051915,LG화학우
328130,루닛
357780,솔브레인
002790,아모레G
081660,휠라홀딩스
138930,BNK금융지주
009420,한올바이오파마
036460,한국가스공사
012750,에스원
041510,에스엠
282330,BGF리테일
030000,제일기획
010120,LS ELECTRIC
023530,롯데쇼핑
175330,JB금융지주
139480,이마트
293490,카카오게임즈
112040,위메이드
010060,OCI홀딩스
111770,영원무역
005290,동진쎄미켐
002380,KCC
028670,팬오션
020150,롯데에너지머티리얼즈
039030,이오테크닉스
000880,한화
007660,이수페타시스
145020,휴젤
026960,동서
086900,메디톡스
095340,ISC
298050,효성첨단소재
000250,삼천당제약
204320,HL만도
017800,현대엘리베이
047040,대우건설
011210,현대위아
004170,신세계
036930,주성엔지니어링
141080,레고켐바이오
185750,종근당
240810,원익IPS
003230,삼양식품
017860,DS단석
005850,에스엘
042670,HD현대인프라코어
003620,KG모빌리티
035760,CJ ENM
007310,오뚜기
006110,삼아알미늄
298020,효성티앤씨
000080,하이트진로
253450,스튜디오드래곤
051600,한전KPS
006040,동원산업
073240,금호타이어
002710,TCC스틸
298040,효성중공업
004000,롯데정밀화학
000150,두산
393890,더블유씨피
005420,코스모화학
336260,두산퓨얼셀
121600,나노신소재
214370,케어젠
000240,한국앤컴퍼니
006280,녹십자
145720,덴티움
067310,하나마이크론
139130,DGB금융지주
108320,LX세미콘
137310,에스디바이오센서
375500,DL이앤씨
005300,롯데칠성
192820,코스맥스
018670,SK가스
078600,대주전자재료
248070,솔루엠
069620,대웅제약
353200,대덕전자
365340,성일하이텍
001740,SK네트웍스
004800,효성
064760,티씨케이
006360,GS건설
009240,한샘
348370,엔켐
009520,포스코엠텍
195940,HK이노엔
222800,심텍
001440,대한전선
025900,동화기업
034230,파라다이스
120110,코오롱인더
140860,파크시스템스
069960,현대백화점
161890,한국콜마
237690,에스티팜
003690,코리안리
298380,에이비엘바이오
096530,씨젠
067630,HLB생명과학
280360,롯데웰푸드
098460,고영
003090,대웅
285130,SK케미칼
001120,LX인터내셔널
137400,피엔티
281740,레이크머티리얼즈
085660,차바이오텍
140410,메지온
214450,파마리서치
100090,SK오션플랜트
093370,후성
440110,파두
278280,천보
213420,덕산네오룩스
056190,에스에프에이
065350,신성델타테크
000210,DL
103140,풍산
395400,SK리츠
009970,영원무역홀딩스
383310,에코프로에이치엔
048410,현대바이오
089860,롯데렌탈
014820,동원시스템즈
267270,HD현대건설기계
036540,SFA반도체
166090,하나머티리얼즈
131970,두산테스나
006650,대한유화
009900,명신산업
067160,아프리카TV
003030,세아제강지주
225570,넥슨게임즈
101490,에스앤에스텍
271940,일진하이솔루스
294870,HDC현대산업개발
000670,영풍
122870,와이지엔터테인먼트
084370,유진테크
195870,해성디에스
089590,제주항공
001800,오리온홀딩스
036830,솔브레인홀딩스
420770,기가비스
336370,솔루스첨단소재
310210,보로노이
178920,PI첨단소재
016790,카나리아바이오
039200,오스코텍
457190,이수스페셜티케미컬
300720,한일시멘트
192650,드림텍
012510,더존비즈온
010780,아이에스동서
192080,더블유게임즈
016380,KG스틸
418550,제이오
069260,TKG휴켐스
003380,하림지주
085620,미래에셋생명
001430,세아베스틸지주
119860,커넥트웨이브
372170,윤성에프앤씨
001060,JW중외제약
064550,바이오니아
214320,이노션
336570,원텍
105630,한세실업
039130,하나투어
114090,GKL
456040,OCI
004490,세방전지
020560,아시아나항공
181710,NHN
003850,보령
287410,제이시스메디칼
002840,미원상사
348950,제이알글로벌리츠
008730,율촌화학
099190,아이센스
023590,다우기술
189300,인텔리안테크
058610,에스피지
066575,LG전자우
365550,ESR켄달스퀘어리츠
087010,펩트론
002350,넥센타이어
161000,애경케미칼
376300,디어유
330590,롯데리츠
222080,씨아이에스
058970,엠로
060280,큐렉소
025540,한국단자
015750,성우하이텍
005250,녹십자홀딩스
006120,SK디스커버리
204270,제이앤티씨
091120,이엠텍
086450,동국제약
003540,대신증권
001530,DI동일
090460,비에이치
348210,넥스틴
000400,롯데손해보험
074600,원익QnC
215200,메가스터디교육
082640,동양생명
001680,대상
019170,신풍제약
007340,DN오토모티브
003530,한화투자증권
053800,안랩
079160,CJ CGV
032350,롯데관광개발
268280,미원에스씨
144510,지씨셀
210980,SK디앤디
183300,코미코
082740,HSD엔진
009450,경동나비엔
005880,대한해운
003240,태광산업
290650,엘앤씨바이오
178320,서진시스템
399720,가온칩스
344820,KCC글라스
272290,이녹스첨단소재
031430,신세계인터내셔날
042000,카페24
000640,동아쏘시오홀딩스
445090,에이직랜드
299900,위지윅스튜디오
352480,씨앤씨인터내셔널
229640,LS전선아시아
049770,동원F&B
078340,컴투스
950160,코오롱티슈진
033240,자화전자
064960,SNT모티브
136510,스마트솔루션즈
094360,칩스앤미디어
007700,F&F홀딩스
215600,신라젠
319660,피에스케이
460860,동국제강
000815,삼성화재우
031980,피에스케이홀딩스
272450,진에어
017960,한국카본
003280,흥아해운
025980,아난티
000070,삼양홀딩스
046890,서울반도체
018290,브이티
170900,동아에스티
338220,뷰노
192400,쿠쿠홀딩스
095660,네오위즈
084850,아이티엠반도체
215000,골프존
069080,웹젠
194480,데브시스터즈
281820,케이씨텍
293940,신한알파리츠
179900,유티아이
005440,현대지에프홀딩스
030610,교보증권
950210,프레스티지바이오파마
199800,툴젠
030190,NICE평가정보
381970,케이카
394280,오픈엣지테크놀로지
299030,하나기술
001720,신영증권
425040,티이엠씨
237880,클리오
358570,지아이이노베이션
131290,티에스이
095500,미래나노텍
034120,SBS
097520,엠씨넥스
025320,시노펙스
005610,SPC삼립
383800,LX홀딩스
005180,빙그레
241590,화승엔터프라이즈
036810,에프에스티
108860,셀바스AI
054450,텔레칩스
057050,현대홈쇼핑
200130,콜마비앤에이치
00680K,미래에셋증권2우B
041190,우리기술투자
335890,비올
082270,젬백스
033290,코웰패션
007390,네이처셀
032190,다우데이타
403550,쏘카
323990,박셀바이오
018250,애경산업
002240,고려제강
034310,NICE
053610,프로텍
068400,SK렌터카
003470,유안타증권
249420,일동제약
206640,바디텍메드
228760,지노믹트리
043150,바텍
052020,에스티큐브
200880,서연이화
032500,케이엠더블유
284740,쿠쿠홈시스
360070,탑머티리얼
079370,제우스
091700,파트론
003570,SNT다이내믹스
039440,에스티아이
136480,하림
001470,삼부토건
068240,다원시스
007810,코리아써키트
448280,에코아이
000370,한화손해보험
080220,제주반도체
020000,한섬
093320,케이아이엔엑스
101730,위메이드맥스
114190,강원에너지
049070,인탑스
001390,KG케미칼
047920,HLB제약
014830,유니드
243070,휴온스
372320,큐로셀
357120,코람코라이프인프라리츠
218410,RFHIC
257720,실리콘투
010690,화신
033640,네패스
091810,티웨이항공
145990,삼양사
432720,퀄리타스반도체
006730,서부T&D
286940,롯데정보통신
000490,대동
200710,에이디테크놀로지
900140,엘브이엠씨홀딩스
377740,바이오노트
058650,세아홀딩스
118990,모트렉스
003000,부광약품
003920,남양유업
089030,테크윙
119610,인터로조
017940,E1
001725,신영증권우
011930,신성이엔지
206650,유바이오로직스
056080,유진로봇
101160,월덱스
425420,티에프이
012630,HDC
004430,송원산업
084690,대상홀딩스
094480,갤럭시아머니트리
232140,와이아이케이
033270,유나이티드제약
183190,아세아시멘트
445680,큐리옥스바이오시스템즈
060250,NHN KCP
095610,테스
151860,KG ETS
095700,제넥신
064290,인텍플러스
099430,바이오플러스
432320,KB스타리츠
017810,풀무원
319400,현대무벡스
123890,한국자산신탁
006405,삼성SDI우
001820,삼화콘덴서
103590,일진전기
108490,로보티즈
241710,코스메카코리아
009290,광동제약
448730,삼성FN리츠
093050,LF
314930,바이오다인
378340,필에너지
005090,SGC에너지
306200,세아제강
108670,LX하우시스
023160,태광
003520,영진약품
453340,현대그린푸드
004690,삼천리
104830,원익머트리얼즈
002030,아세아
090435,아모레퍼시픽우
001940,KISCO홀딩스
200670,휴메딕스
002310,아세아제지
050890,쏠리드
348340,뉴로메카
094800,맵스리얼티1
089010,켐트로닉스
042600,새로닉스
007690,국도화학
082920,비츠로셀
025860,남해화학
243840,신흥에스이씨
005810,풍산홀딩스
384470,코어라인소프트
402030,코난테크놀로지
027410,BGF
002320,한진
083310,엘오티베큠
102710,이엔에프테크놀로지
094170,동운아나텍
016800,퍼시스
005690,파미셀
451800,한화리츠
033500,동성화인텍
297890,HB솔루션
003545,대신증권우
089980,상아프론테크
093230,이아이디
439090,마녀공장
322510,제이엘케이
041830,인바디
039840,디오
110990,디아이티
126560,현대퓨처넷
034950,한국기업평가
001340,백광산업
025770,한국정보통신
228670,레이
089970,에이피티씨
298830,슈어소프트테크
060720,KH바텍
030520,한글과컴퓨터
003300,한일홀딩스
265520,AP시스템
058430,포스코스틸리온
029960,코엔텍
014620,성광벤드
001200,유진투자증권
317330,덕산테코피아
013030,하이록코리아
038500,삼표시멘트
003220,대원제약
012030,DB
060150,인선이엔티
254490,미래반도체
298690,에어부산
330860,네패스아크
441270,파인엠텍
097230,HJ중공업
060980,HL홀딩스
107600,새빗켐
079810,디이엔티
008490,서흥
000680,LS네트웍스
044490,태웅
061970,LB세미콘
058820,CMG제약
000430,대원강업
035600,KG이니시스
004700,조광피혁
029530,신도리코
013890,지누스
396270,넥스트칩
230360,에코마케팅
340570,티앤엘
051905,LG생활건강우
027360,아주IB투자
077360,덕산하이메탈
298000,효성화학
397030,에이프릴바이오
267980,매일유업
950130,엑세스바이오
117730,티로보틱스
263720,디앤씨미디어
033100,제룡전기
064260,다날
003120,일성신약
217270,넵튠
071970,STX중공업
049950,미래컴퍼니
253590,네오셈
054950,제이브이엠
035890,서희건설
00088K,한화3우B
115450,HLB테라퓨틱스
092220,KEC
005950,이수화학
088260,이리츠코크렙
322000,HD현대에너지솔루션
100790,미래에셋벤처투자
424960,스마트레이더시스템
214680,디알텍
307750,국전약품
006390,한일현대시멘트
084010,대한제강
000480,CR홀딩스
034830,한국토지신탁
00104K,CJ4우(전환)
059090,미코
282880,코윈테크
357550,석경에이티
251970,펌텍코리아
417010,나노팀
011810,STX
122640,예스티
072710,농심홀딩스
356860,티엘비
304100,솔트룩스
001630,종근당홀딩스
017390,서울가스
102460,이연제약
048530,인트론바이오
001510,SK증권
005500,삼진제약
008350,남선알미늄
095720,웅진씽크빅
007570,일양약품
084110,휴온스글로벌
002960,한국쉘석유
389260,대명에너지
114810,한솔아이원스
418420,라온텍
026890,스틱인베스트먼트
036420,콘텐트리중앙
138490,코오롱플라스틱
003800,에이스침대
108230,톱텍
036030,케이티알파
013120,동원개발
090360,로보스타
217820,원익피앤이
439580,블루엠텍
001780,알루코
024720,한국콜마홀딩스
252990,샘씨엔에스
122900,아이마켓코리아
297090,씨에스베어링
126700,하이비젼시스템
041960,코미팜
003960,사조대림
084650,랩지노믹스
354320,알멕
138580,비즈니스온
080160,모두투어
102940,코오롱생명과학
086390,유니테스트
001790,대한제당
060370,LS마린솔루션
099320,쎄트렉아이
036620,감성코퍼레이션
382840,원준
071320,지역난방공사
045100,한양이엔지
053030,바이넥스
171090,선익시스템
053210,스카이라이프
016580,환인제약
216080,제테마
051500,CJ프레시웨이
270520,지오릿에너지
001230,동국홀딩스
092070,디엔에프
000020,동화약품
036530,SNT홀딩스
005010,휴스틸
031330,에스에이엠티
370090,퓨런티어
104700,한국철강
009680,모토닉
322310,오로스테크놀로지
001880,DL건설
204620,글로벌텍스프리
146320,비씨엔씨
037270,YG PLUS
010100,한국무브넥스
051360,토비스
052400,코나아이
077970,STX엔진
078160,메디포스트
033160,엠케이전자
001500,현대차증권
115390,락앤락
289220,자이언트스텝
126340,비나텍
126720,수산인더스트리
002150,도화엔지니어링
334970,프레스티지바이오로직스
005389,현대차3우B
023410,유진기업
182360,큐브엔터
005160,동국산업
100120,뷰웍스
074610,이엔플러스
226320,잇츠한불
001460,BYC
950140,잉글우드랩
018470,조일알미늄
037560,LG헬로비전
005390,신성통상
123860,아나패스
093640,케이알엠
290670,대보마그네틱
034810,해성산업
036200,유니셈
030530,원익홀딩스
009160,SIMPAC
298540,더네이쳐홀딩스
096760,JW홀딩스
075580,세진중공업
089600,나스미디어
121800,비덴트
083450,GST
006220,제주은행
101360,에코앤드림
402490,그린리소스
101670,하이드로리튬
272550,삼양패키징
217330,싸이토젠
102120,어보브반도체
213500,한솔제지
285490,노바텍
029460,케이씨
011500,한농화성
071055,한국금융지주우
002900,TYM
051370,인터플렉스
234340,헥토파이낸셜
278650,HLB바이오스텝
032300,한국파마
293480,하나제약
432470,케이엔에스
271980,제일약품
040300,YTN
060590,씨티씨바이오
011760,현대코퍼레이션
017890,한국알콜
054210,이랜텍
462520,조선내화
104460,디와이피엔에프
096040,이트론
182400,엔케이맥스
084990,헬릭스미스
007460,에이프로젠
268600,셀리버리
205470,휴마시스
018310,삼목에스폼
239890,피엔에이치테크
000050,경방
063080,컴투스홀딩스
032620,유비케어
037710,광주신세계
084680,이월드
083650,비에이치아이
256840,한국비엔씨
126600,BGF에코머티리얼즈
078070,유비쿼스홀딩스
001520,동양
315640,딥노이드
036890,진성티이씨
123040,엠에스오토텍
071840,롯데하이마트
045390,대아티아이
338840,와이바이오로직스
389500,에스비비테크
030210,다올투자증권
130660,한전산업
047310,파워로직스
090710,휴림로봇
226950,올릭스
334890,이지스밸류리츠
388720,유일로보틱스
451760,컨텍
065510,휴비츠
122450,KX
230240,에치에프알
194370,제이에스코퍼레이션
083930,아바코
004360,세방
318020,포인트모바일
053080,케이엔솔
190510,나무가
114840,아이패밀리에스씨
144960,뉴파워프라즈마
038290,마크로젠
002810,삼영무역
035150,백산
321550,티움바이오
229500,노브메타파마
149950,아바텍
148150,세경하이테크
143160,아이디스
016590,신대양제지
053690,한미글로벌
383930,디티앤씨알오
004380,삼익THK
109670,씨싸이트
006840,AK홀딩스
194700,노바렉스
109610,에스와이
150840,인트로메딕
001270,부국증권
048870,시너지이노베이션
042420,네오위즈홀딩스
079940,가비아
005720,넥센
004710,한솔테크닉스
078150,HB테크놀러지
095570,AJ네트웍스
214430,아이쓰리시스템
102260,동성케미컬
003070,코오롱글로벌
011000,진원생명과학
053300,한국정보인증
161580,필옵틱스
041020,폴라리스오피스
088390,이녹스
078350,한양디지텍
063170,서울옥션
002020,코오롱
001130,대한제분
220100,퓨쳐켐
166480,코아스템켐온
004560,현대비앤지스틸
226330,신테카바이오
416180,신성에스티
117580,대성에너지
008060,대덕
131400,이브이첨단소재
206560,덱스터
122990,와이솔
092230,KPX홀딩스
007160,사조산업
078020,이베스트투자증권
036800,나이스정보통신
267850,아시아나IDT
027970,한국제지
003580,HLB글로벌
091580,상신이디피
044450,KSS해운
179290,엠아이텍
046440,KG모빌리언스
138610,나이벡
404990,신한서부티엔디리츠
092730,네오팜
025000,KPX케미칼
086980,쇼박스
083790,CG인바이츠
019680,대교
460850,동국씨엠
035510,신세계 I&C
063570,한국전자금융
003200,일신방직
035810,이지홀딩스
057880,피에이치씨
081000,일진다이아
068290,삼성출판사
043370,피에이치에이
009155,삼성전기우
192440,슈피겐코리아
038540,상상인
086890,이수앱지스
033340,좋은사람들
004980,성신양회
377190,디앤디플랫폼리츠
001250,GS글로벌
000140,하이트진로홀딩스
143240,사람인
363280,티와이홀딩스
011040,경동제약
293780,압타바이오
365590,하이딥
000155,두산우
234080,JW생명과학
024850,HLB이노베이션
045970,코아시아
452260,한화갤러리아
168360,펨트론
004250,NPC
093520,매커스
092040,아미코젠
156100,엘앤케이바이오
294570,쿠콘
174900,앱클론
043610,지니뮤직
030960,양지사
072770,율호
214390,경보제약
037070,파세코
042370,비츠로테크
010580,에스엠벡셀
211270,AP위성
073490,이노와이어리스
067280,멀티캠퍼스
015360,예스코홀딩스
042520,한스바이오메드
246710,티앤알바이오팹
036560,영풍정밀
036010,아비코전자
125210,아모그린텍
262260,에이프로
038110,에코플라스틱
010955,S-Oil우
073570,리튬포어스
002100,경농
020120,키다리스튜디오
110790,크리스에프앤씨
011330,유니켐
317400,자이에스앤디
131370,알서포트
453860,에이에스텍
214180,헥토이노베이션
900290,GRT
001080,만호제강
016450,한세예스24홀딩스
389020,자람테크놀로지
032820,우리기술
225530,보광산업
002990,금호건설
009580,무림P&P
080420,모다이노칩
000540,흥국화재
172670,에이엘티
006060,화승인더
035080,그래디언트
443250,레뷰코퍼레이션
015890,태경산업
015860,일진홀딩스
039570,HDC랩스
337930,브랜드엑스코퍼레이션
092200,디아이씨
950170,JTC
003060,에이프로젠바이오로직스
092790,넥스틸
024900,덕양산업
007860,서연
220260,켐트로스
002390,한독
065560,녹원씨엔아이
067000,조이시티
417310,코람코더원리츠
450140,코오롱모빌리티그룹
011785,금호석유우
044340,위닉스
277880,티에스아이
096240,크레버스
002620,제일파마홀딩스
105840,우진
139990,아주스틸
005945,NH투자증권우
445180,퓨릿
339770,교촌에프앤비
023760,한국캐피탈
028100,동아지질
092870,엑시콘
107590,미원홀딩스
241820,피씨엘
090350,노루페인트
003555,LG우
950220,네오이뮨텍
024810,이화전기
014580,태경비케이
048550,SM C&C
015590,KIB플러그에너지
089890,코세스
007210,벽산
000390,삼화페인트
115960,연우
003160,디아이
100250,진양홀딩스
084730,팅크웨어
180400,DXVX
019210,와이지-원
067080,대화제약
027710,팜스토리
097955,CJ제일제당 우
405100,큐알티
388870,파로스아이바이오
046210,HLB파나진
251630,브이원텍
208370,셀바스헬스케어
078520,에이블씨엔씨
015230,대창단조
005680,삼영전자
100130,동국S&C
382900,범한퓨얼셀
011280,태림포장
419530,SAMG엔터
036710,심텍홀딩스
356680,엑스게이트
005860,한일사료
314130,지놈앤컴퍼니
251370,와이엠티
203650,드림시큐리티
419080,엔젯
094820,일진파워
047560,이스트소프트
008260,NI스틸
136540,윈스
040910,아이씨디
092130,이크레더블
014470,부방
347860,알체라
273640,와이엠텍
002780,진흥기업
214260,라파스
008700,아남전자
090470,제이스텍
023910,대한약품
068790,DMS
060570,드림어스컴퍼니
014280,금강공업
382800,지앤비에스 에코
264450,유비쿼스
082850,우리바이오
068930,디지털대성
085670,뉴프렉스
013310,아진산업
036630,세종텔레콤
018000,유니슨
051980,중앙첨단소재
100840,SNT에너지
102370,케이옥션
357230,에이치피오
121440,골프존뉴딘홀딩스
282690,동아타이어
016610,DB금융투자
099440,스맥
083420,그린케미칼
137950,제이씨케미칼
001020,페이퍼코리아
058400,KNN
419050,삼기이브이
104480,티케이케미칼
033530,세종공업
203400,에이비온
012320,경동인베스트
128820,대성산업
272110,케이엔제이
012700,리드코프
006620,동구바이오제약
079430,현대리바트
02826K,삼성물산우B
006890,태경케미컬
160980,싸이맥스
016710,대성홀딩스
124500,아이티센
211050,인카금융서비스
065660,안트로젠
408900,스튜디오미르
017370,우신시스템
086820,바이오솔루션
365270,큐라클
101530,해태제과식품
079960,동양이엔피
010820,퍼스텍
000970,한국주철관
036190,금화피에스시
012610,경인양행
011700,한신기계
067990,도이치모터스
290550,디케이티
134380,미원화학
136490,선진
348150,고바이오랩
119830,아이텍
377480,마음AI
452280,한선엔지니어링
003720,삼영
033920,무학
228850,레이언스
006910,보성파워텍
058850,KTcs
013570,디와이
950190,고스트스튜디오
092190,서울바이오시스
274090,켄코아에어로스페이스
376190,LB루셈
060560,홈센타홀딩스
195990,에이비프로바이오
000320,노루홀딩스
176750,듀켐바이오
082800,비보존 제약
222810,세토피아
012860,모베이스전자
078940,퀀타피아
023600,삼보판지
300080,플리토
109070,컨버즈
205100,엑셈
048910,대원미디어
377450,리파인
031440,신세계푸드
261780,차백신연구소
000700,유수홀딩스
023900,풍국주정
052260,현대바이오랜드
051160,지어소프트
311320,지오엘리먼트
396470,워트
183490,엔지켐생명과학
002210,동성제약
310200,애니플러스
236200,슈프리마
005430,한국공항
104540,코렌텍
014530,극동유화
070960,용평리조트
061250,화일약품
054780,키이스트
900250,크리스탈신소재
388050,지투파워
260870,SK시그넷
267320,나인테크
039560,다산네트웍스
376930,노을
407400,꿈비
282720,금양그린파워
088800,에이스테크
002170,삼양통상
025950,동신건설
094280,효성ITX
362320,청담글로벌
170920,엘티씨
032860,더라미
066700,테라젠이텍스
149980,하이로닉
400760,NH올원리츠
065680,우주일렉트로
270660,에브리봇
089470,HDC현대EP
123420,위메이드플레이
255440,야스
311690,CJ 바이오사이언스
001360,삼성제약
261200,덴티스
259630,엠플러스
004090,한국석유
079980,휴비스
451220,아이엠티
006490,인스코비
007540,샘표
263600,덕우전자
090850,현대이지웰
200470,에이팩트
164060,이루다
003830,대한화섬
418470,밀리의서재
105330,케이엔더블유
055490,테이팩스
026150,특수건설
021080,에이티넘인베스트
109740,디에스케이
234690,녹십자웰빙
004970,신라교역
009270,신원
235980,메드팩토
080580,오킨스전자
159010,아스플로
371950,풍원정밀
064820,케이프
216050,인크로스
005960,동부건설
042510,라온시큐어
140670,알에스오토메이션
366030,공구우먼
004080,신흥
207760,미스터블루
037460,삼지전자
373200,하인크코리아
317770,엑스페릭스
086960,MDS테크
054620,APS
019550,SBI인베스트먼트
210540,디와이파워
049720,고려신용정보
250060,모비스
067370,선바이오
138080,오이솔루션
003460,유화증권
432430,와이랩
008040,사조동아원
321820,와이더플래닛
389470,인벤티지랩
096630,에스코넥
038390,레드캡투어
115160,휴맥스
000500,가온전선
291230,엔피
000860,강남제비스코
124560,태웅로직스
002700,신일전자
054050,농우바이오
039340,한국경제TV
269620,시스웍
047820,초록뱀미디어
417500,제이아이테크
173130,오파스넷
038880,아이에이
073640,테라사이언스
033310,엠투엔
077500,유니퀘스트
111710,남화산업
140070,서플러스글로벌
000180,성창기업지주
300120,라온피플
072870,메가스터디
377030,맥스트
006740,영풍제지
00279K,아모레G3우(전환)
357580,아모센스
347890,엠투아이
054670,대한뉴팜
217730,강스템바이오텍
340930,유일에너테크
017550,수산중공업
003547,대신증권2우B
067900,와이엔텍
007330,푸른저축은행
013990,아가방컴퍼니
417790,트루엔
111380,동인기연
053700,삼보모터스
236810,엔비티
014940,오리엔탈정공
091440,텔레필드
041930,동아화성
071200,인피니트헬스케어
041590,플래스크
241840,에이스토리
013580,계룡건설
107640,한중엔시에스
222040,코스맥스엔비티
241790,오션브릿지
024090,디씨엠
159580,제로투세븐
025820,이구산업
352090,스톰테크
053580,웹케시
304360,에스바이오메딕스
099750,이지케어텍
263860,지니언스
160550,NEW
044990,에이치엔에스하이텍
382480,지아이텍
063160,종근당바이오
023800,인지컨트롤스
330350,위더스제약
100700,세운메디칼
274400,이노시뮬레이션
372910,한컴라이프케어
215360,우리산업
120030,조선선재
361390,제노코
002720,국제약품
214330,금호에이치티
003650,미창석유
253840,수젠텍
061040,알에프텍
004310,현대약품
248170,샘표식품
355390,크라우드웍스
010040,한국내화
126880,제이엔케이히터
353810,이지바이오
086670,비엠티
089850,유비벨록스
014160,대영포장
251120,바이오에프디엔씨
052420,오성첨단소재
264850,이랜시스
352910,오비고
032560,황금에스티
294090,이오플로우
263050,유틸렉스
023000,삼원강재
162300,신스틸
219130,타이거일렉
215090,휴센텍
178780,일월지엠엘
058630,엠게임
010470,오리콤
053280,예스24
148140,비디아이
106080,하이소닉
017900,광전자
001540,안국약품
403490,우듬지팜
203690,스피어파워
171120,라이온켐텍
036120,SCI평가정보
067290,JW신약
067570,엔브이에이치코리아
120240,대정화금
024060,흥구석유
256940,케이피에스
004150,한솔홀딩스
047400,유니온머티리얼
019440,세아특수강
033230,인성정보
217190,제너셈
023450,동남합성
036580,팜스코
004100,태양금속
263690,디알젬
009470,삼화전기
317870,엔바이오니아
232680,라온테크
074430,아미노로직스
065450,빅텍
003100,선광
004840,DRB동일
289860,지슨
041920,메디아나
000230,일동홀딩스
060310,3S
054800,아이디스홀딩스
264660,씨앤지하이테크
098120,마이크로컨텍솔
005710,대원산업
001045,CJ우
411080,샌즈랩
163730,핑거
284620,카이노스메드
016740,두올
002200,한국수출포장
009070,KCTC
452160,제이엔비
001750,한양증권
006580,대양제지
112290,와이씨켐
057680,티사이언티픽
288620,에스퓨얼셀
191420,테고사이언스
092460,한라IMS
232530,이엠티
267290,경동도시가스
305090,마이크로디지탈
271830,팸텍
004830,덕성
096775,SK이노베이션우
012800,대창
052710,아모텍
004890,동일산업
033180,KH 필룩스
027050,코리아나
361570,알비더블유
365330,에스와이스틸텍
066670,디스플레이텍
108380,대양전기공업
105550,트루윈
034590,인천도시가스
323230,엠에프엠코리아
041440,현대에버다임
005990,매일홀딩스
199820,제일전기공업
260930,씨티케이
066910,손오공
010600,웰바이오텍
002460,화성산업
066790,씨씨에스
011150,CJ씨푸드
265560,영화테크
238090,앤디포스
950110,SBI핀테크솔루션즈
155650,와이엠씨
040420,정상제이엘에스
302430,이노메트리
332570,와이팜
004720,팜젠사이언스
049520,유아이엘
072020,중앙백신
150900,파수
064240,홈캐스트
007980,태평양물산
035610,솔본
021320,KCC건설
430690,한싹
007820,에스엠코어
368770,파이버프로
000440,중앙에너비스
012600,청호ICT
033540,파라텍
093190,빅솔론
093920,서원인텍
257370,피엔티엠에스
045660,에이텍
007280,한국특강
321370,센서뷰
037440,희림
170030,현대공업
289080,SV인베스트먼트
306620,네온테크
037950,엘컴텍
101930,인화정공
160600,이큐셀
290720,푸드나무
033170,시그네틱스
350520,이지스레지던스리츠
408920,메쎄이상
064800,젬백스링크
141000,비아트론
396300,세아메카닉스
293580,나우IB
258610,케일럼
391710,코닉오토메이션
018120,진로발효
008830,대동기어
066620,국보디자인
333620,엔시스
071670,에이테크솔루션
234300,에스트래픽
396690,미래에셋글로벌리츠
068050,팬엔터테인먼트
073560,우리손에프앤지
043650,국순당
380440,엔에이치스팩19호
011300,성안
049960,쎌바이오텍
309960,LB인베스트먼트
187870,디바이스이엔지
058860,KTis
037370,EG
073010,케이에스피
264900,크라운제과
241690,유니테크노
002600,조흥
446540,메가터치
330730,스톤브릿지벤처스
196490,디에이테크놀로지
308170,씨티알모빌리티
104620,노랑풍선
050110,캠시스
059210,메타바이오메드
317830,에스피시스템스
308080,바이젠셀
009300,삼아제약
003350,한국화장품제조
027830,대성창투
208340,파멥신
049080,기가레인
348350,위드텍
053450,세코닉스
035000,HS애드
363260,모비데이즈
078130,국일제지
440320,오픈놀
024880,케이피에프
052330,코텍
276040,스코넥
017040,광명전기
438700,버넥트
044820,코스맥스비티아이
013520,화승코퍼레이션
153710,옵티팜
206400,베노티앤알
226440,한송네오텍
294630,서남
122310,제노레이
053260,금강철강
200230,텔콘RF제약
019010,베뉴지
078140,대봉엘에스
039860,나노엔텍
217500,러셀
142280,녹십자엠에스
323280,태성
214420,토니모리
123690,한국화장품
006140,피제이전자
011690,와이투솔루션
039290,인포뱅크
011370,서한
376980,원티드랩
006370,대구백화점
000520,삼일제약
016880,웅진
002450,삼익악기
059120,아진엑스텍
066590,우수AMS
033830,티비씨
065710,서호전기
065530,와이어블
011320,유니크
004140,동방
234100,폴라리스세원
027580,상보
010170,대한광통신
053980,오상자이엘
086710,선진뷰티사이언스
950200,소마젠
227840,현대코퍼레이션홀딩스
376180,피코그램
417970,모델솔루션
067830,세이브존I&C
294140,레몬
032850,비트컴퓨터
226400,오스테오닉
054930,유신
080000,에스엔유
244920,에이플러스에셋
290090,트윔
053050,지에스이
353590,오토앤
066410,버킷스튜디오
086040,바이오톡스텍
340360,다보링크
052790,액토즈소프트
012690,모나리자
123410,코리아에프티
083500,에프엔에스테크
094850,참좋은여행
225190,삼양옵틱스
097800,윈팩
309930,오하임앤컴퍼니
302550,리메드
095190,이엠코리아
130580,나이스디앤비
029480,광무
078000,텔코웨어
009410,태영건설
307930,컴퍼니케이
048430,유라테크
069510,에스텍
071280,로체시스템즈
158430,아톤
127980,화인써키트
201490,미투온
003480,한진중공업홀딩스
101140,인바이오젠
009780,엠에스씨
215100,로보로보
002800,신신제약
056090,이노시스
33626K,두산퓨얼셀1우
424980,마이크로투나노
214270,FSN
352700,씨앤투스
054920,한컴위드
369370,블리츠웨이
090410,덕신하우징
065130,탑엔지니어링
256630,포인트엔지니어링
087260,모바일어플라이언스
031820,콤텍시스템
185490,아이진
011560,세보엠이씨
204210,모두투어리츠
306040,에스제이그룹
307180,아이엘사이언스
008970,동양철관
128660,피제이메탈
105740,디케이락
004060,SG세계물산
014200,광림
417840,저스템
046120,오르비텍
038680,에스넷
237820,플레이디
368600,아이씨에이치
208140,정다운
187220,디티앤씨
033320,제이씨현시스템
192250,케이사인
234920,자이글
003610,방림
049180,셀루메드
012790,신일제약
348080,큐라티스
051490,나라엠앤디
066310,큐에스아이
347000,센코
241770,메카로
123570,이엠넷
023810,인팩
145210,다이나믹디자인
004540,깨끗한나라
000220,유유제약
092440,기신정기
016090,대현
129920,대성하이텍
089790,제이티
024940,PN풍년
003780,진양산업
327260,RF머트리얼즈
009200,무림페이퍼
389140,포바이포
025550,한국선재
187420,제노포커스
004650,창해에탄올
218150,미래생명자원
036640,HRS
465770,STX그린로지스
063440,SM Life Design
019590,엠벤처투자
186230,그린플러스
260660,알리코제약
101170,우림피티에스
004770,써니전자
041460,한국전자인증
036090,위지트
355690,에이텀
020710,시공테크
041520,이라이콤
012170,아센디오
279600,미디어젠
007590,동방아그로
163560,동일고무벨트
301300,바이브컴퍼니
005740,크라운해태홀딩스
014190,원익큐브
239610,에이치엘사이언스
082210,옵트론텍
240600,유진테크놀로지
450520,인스웨이브시스템즈
013720,CBI
377220,프롬바이오
032540,TJ미디어
018500,동원금속
069920,아이에스이커머스
065950,웰크론
046390,삼화네트웍스
352770,클리노믹스
078890,가온그룹
347770,핌스
000910,유니온
196300,애니젠
241520,DSC인베스트먼트
005870,휴니드
042110,에스씨디
010960,삼호개발
355150,코스텍시스
054040,한국컴퓨터
263700,케어랩스
024950,삼천리자전거
043910,자연과환경
417860,오브젠
273060,와이즈버즈
001560,제일연마
180060,탑선
378800,샤페론
039240,경남스틸
024910,경창산업
010660,화천기계
069460,대호에이엘
103840,우양
131030,옵투스제약
246720,아스타
115500,케이씨에스
333430,일승
009730,코센
339950,아이비김영
263800,데이타솔루션
049480,오픈베이스
064480,브리지텍
041910,에스텍파마
005800,신영와코루
026940,부국철강
033130,디지틀조선
007110,일신석재
049430,코메론
217950,파마리서치바이오
004960,한신공영
204610,티쓰리
066980,한성크린텍
229000,젠큐릭스
006340,대원전선
004910,조광페인트
001290,상상인증권
036670,KCI
096690,에이루트
296160,프로젠
340810,씨유박스
037330,인지디스플레
006090,사조오양
057030,YBM넷
013870,지엠비코리아
100590,머큐리
058730,다스코
122350,삼기
119650,KC코트렐
053290,NE능률
024890,대원화성
290740,액트로
109860,동일금속
288980,모아데이타
388790,라이콤
214610,미코바이오메드
189980,흥국에프엔비
049550,잉크테크
015710,코콤
085310,엔케이
389030,지니너스
038070,서린바이오
004270,남성
03473K,SK우
298060,에스씨엠생명과학
226340,본느
224110,에이텍모빌리티
014130,한익스프레스
053160,프리엠스
239340,줌인터넷
017480,삼현철강
064850,에프앤가이드
083660,CSA 코스믹
038870,에코바이오
075180,새론오토모티브
405000,플라즈맵
014570,고려제약
142210,유니트론텍
024800,유성티엔에스
014790,HL D&I
053270,구영테크
175250,아이큐어
101330,모베이스
021880,메이슨캐피탈
303530,이노뎁
009440,KC그린홀딩스
041650,상신브레이크
002140,고려산업
322180,티라유텍
091590,남화토건
088910,동우팜투테이블
238490,힘스
081150,티플랙스
405920,나라셀라
002760,보락
111110,호전실업
076080,웰크론한텍
265740,엔에프씨
046970,우리로
025560,미래산업
223250,드림씨아이에스
288330,브릿지바이오테라퓨틱스
002230,피에스텍
088280,쏘닉스
412350,레이저쎌
171010,램테크놀러지
448710,코츠테크놀로지
348030,모비릭스
205500,액션스퀘어
000890,보해양조
017180,명문제약
198940,한주라이트메탈
013360,일성건설
115440,우리넷
317690,퀀타매트릭스
092300,현우산업
039830,오로라
242040,나무기술
446070,유니드비티플러스
321260,프로이천
173940,에프엔씨엔터
255220,SG
038010,제일테크노스
134580,탑코미디어
418250,시큐레터
014440,영보화학
128540,에코캡
136410,아셈스
170790,파이오링크
001260,남광토건
095270,웨이브일렉트로
338100,NH프라임리츠
378850,화승알앤에이
007370,진양제약
317850,대모
002920,유성기업
219420,링크제니시스
347740,피엔케이피부임상연구센타
043260,성호전자
000105,유한양행우
073110,엘엠에스
341170,퓨쳐메디신
373170,엠아이큐브솔루션
013700,까뮤이앤씨
367000,플래티어
027740,마니커
000590,CS홀딩스
004920,씨아이테크
250000,보라티알
010240,흥국
225220,제놀루션
263770,유에스티
038460,바이오스마트
200350,래몽래인
060850,영림원소프트랩
023440,제이스코홀딩스
003010,혜인
006880,신송홀딩스
017650,대림제지
322780,코퍼스코리아
314140,알피바이오
009810,플레이그램
147830,제룡산업
434480,모니터랩
222420,쎄노텍
336060,웨이버스
222110,팬젠
442900,미래에셋드림스팩1호
066130,하츠
002630,오리엔트바이오
090080,평화산업
357430,마스턴프리미어리츠
351330,이삭엔지니어링
008110,대동전자
008250,이건산업
059270,해성티피씨
052220,iMBC
006660,삼성공조
216400,인바이츠바이오코아
011420,갤럭시아에스엠
004410,서울식품
354200,엔젠바이오
100220,비상교육
002360,SH에너지화학
102280,쌍방울
024740,한일단조
094940,푸른기술
007680,대원
318000,KBG
129260,인터지스
043340,에쎈테크
060540,에스에이티
189690,포시에스
099220,SDN
044060,조광ILI
119850,지엔씨에너지
277410,인산가
000850,화천기공
001380,SG글로벌
151910,SBW생명과학
122690,서진오토모티브
204840,지엘팜텍
094840,슈프리마에이치큐
050960,수산아이앤티
148930,에이치와이티씨
025750,한솔홈데코
260970,에스앤디
001550,조비
212560,네오오토
155660,DSR
137080,나래나노텍
004450,삼화왕관
067920,이글루
025440,DH오토웨어
040160,누리플렉스
009180,한솔로지스틱스
047080,한빛소프트
044960,이글벳
318010,팜스빌
142760,비엘
043220,티에스넥스젠
104200,NHN벅스
254120,자비스
067170,오텍
008870,금비
042040,케이피엠테크
094970,제이엠티
052900,KX하이텍
067390,아스트
060230,소니드
096350,대창솔루션
000650,천일고속
059100,아이컴포넌트
047770,코데즈컴바인
286750,나노브릭
097780,에코볼트
032940,원익
115310,인포바인
277070,린드먼아시아
222160,바이옵트로
021820,세원정공
088130,동아엘텍
066900,디에이피
023460,CNH
009835,한화솔루션우
140610,엔솔바이오사이언스
285800,진영
010640,진양폴리
071090,하이스틸
011390,부산산업
337840,유엑스엔
042500,링네트
304840,피플바이오
040350,큐로컴
001620,케이비아이동국실업
009320,대우부품
072470,우리산업홀딩스
377330,이지트로닉스
106190,하이텍팜
359090,씨엔알리서치
290520,신도기연
004780,대륙제관
075970,동국알앤에스
120115,코오롱인더우
016600,큐캐피탈
058110,멕아이씨에스
003925,남양유업우
078590,휴림에이텍
018700,바른손
092780,동양피스톤
069640,한세엠케이
413640,비아이매트릭스
053350,이니텍
227950,엔투텍
001840,이화공영
189330,씨이랩
039020,이건홀딩스
28513K,SK케미칼우
039420,케이엘넷
002220,한일철강
014710,사조씨푸드
270870,뉴트리
002795,아모레G우
008420,문배철강
900100,애머릿지
056700,신화인터텍
143210,핸즈코퍼레이션
064520,테크엘
258830,세종메디칼
168330,내츄럴엔도텍
015260,에이엔피
056730,CNT85
256150,한독크린텍
323350,다원넥스뷰
019180,티에이치엔
139670,키네마스터
019990,에너토크
246960,이노테라피
097870,효성오앤비
049830,승일
037350,성도이엔지
021050,서원
016250,SGC이테크건설
393210,토마토시스템
204020,그리티
263540,어스앤에어로스페이스
038060,루멘스
053620,태양
131100,티엔엔터테인먼트
009770,삼정펄프
065060,지엔코
023350,한국종합기술
109820,진매트릭스
039980,리노스
034940,조아제약
000157,두산2우B
126640,화신정공
115610,이미지스
196450,코아시아씨엠
066360,체리부로
299170,더블유에스아이
006980,우성
078935,GS우
096610,알에프세미
005750,대림B&Co
032680,소프트센
220180,핸디소프트
084180,수성샐바시온
022220,TKG애강
020760,일진디스플
072990,에이치시티
307870,비투엔
357880,비트나인
221800,유투바이오
376290,씨유테크
291650,압타머사이언스
099390,브레인즈컴퍼니
267790,배럴
052670,제일바이오
069730,DSR제강
110020,전진바이오팜
227610,아우딘퓨쳐스
004590,한국가구
247660,나노씨엠에스
003310,대주산업
037230,한국팩키지
007720,대명소노시즌
137940,넥스트아이
363250,진시스템
049800,우진플라임
263810,상신전자
014990,인디에프
307280,원바이오젠
419120,산돌
290120,대유에이피
065370,위세아이텍
115180,큐리언트
037030,파워넷
068330,일신바이오
003560,IHQ
056360,코위버
003080,성보화학
299660,셀리드
028080,휴맥스홀딩스
109080,옵티시스
001275,부국증권우
351320,에스에이티이엔지
133750,메가엠디
099520,ITX-AI
200780,비씨월드제약
064090,웨스트라이즈
010280,쌍용정보통신
005360,모나미
140520,대창스틸
033250,체시스
053950,경남제약
199730,바이오인프라
031310,아이즈비전
009620,삼보산업
134790,시디즈
080520,오디텍
062860,티엘아이
208640,썸에이지
100660,서암기계공업
303030,지니틱스
052600,한네트
246690,TS인베스트먼트
33637K,솔루스첨단소재1우
238120,얼라인드
069540,라이트론
012160,영흥
290380,대유
039610,화성밸브
900310,컬러레이
406820,뷰티스킨
052300,씨티프라퍼티
357250,미래에셋맵스리츠
311390,네오크레마
083550,케이엠
118000,에스메디
046940,우원개발
007770,한일화학
087600,픽셀플러스
033200,모아텍
123700,SJM
452300,캡스톤파트너스
368970,오에스피
276730,제주맥주
147760,피엠티
006805,미래에셋증권우
050860,아세아텍
088290,이원컴포텍
011230,삼화전자
169330,엠브레인
025530,SJM홀딩스
036170,클라우드에어
100030,인지소프트
090370,메타랩스
263920,휴엠앤씨
335810,프리시젼바이오
127120,디엔에이링크
024120,KB오토시스
004440,삼일씨엔에스
232830,시큐센
312610,에이에프더블류
091090,세원이앤씨
009460,한창제지
262840,아이퀘스트
153490,우리이앤엘
014970,삼륭물산
023960,에쓰씨엔지니어링
198440,고려시멘트
181340,이즈미디어
054540,삼영엠텍
024830,세원물산
101390,아이엠
332290,누보
057540,옴니시스템
007610,선도전기
175140,인포마크
040610,SG&G
419700,이브이파킹서비스
052460,아이크래프트
000725,현대건설우
045060,오공
032580,피델릭스
005305,롯데칠성우
139050,시티랩스
007530,와이엠
226360,KH 건설
069410,엔텔스
004870,티웨이홀딩스
012340,뉴인텍
033560,블루콤
053590,한국테크놀로지
417180,핑거스토리
036690,코맥스
008370,원풍
031510,오스템
340440,세림B&G
278990,EMB
002410,범양건영
080010,이상네트웍스
038620,위즈코프
123010,아이윈플러스
037760,쎄니트
109960,에이프로젠 H&G
002290,삼일기업공사
049630,재영솔루텍
297570,알로이스
023150,MH에탄올
045520,크린앤사이언스
090150,아이윈
019770,서연탑메탈
429270,시지트로닉스
089140,넥스턴바이오
221840,하이즈항공
328380,솔트웨어
046310,백금T&A
048770,TPC
221980,케이디켐
032790,엠젠솔루션
038950,파인디지털
208710,바이오로그디바이스
052860,아이앤씨
146060,율촌
193250,와이제이엠게임즈
318410,비비씨
37550L,DL이앤씨2우(전환)
085910,네오티스
138070,신진에스엠
419540,비스토스
012200,계양전기
102950,아하
019540,일지테크
101240,씨큐브
177830,파버나인
034300,신세계건설
153460,네이블
228340,동양파일
391060,엔에이치스팩20호
227100,에이치앤비디자인
065650,메디프론
003535,한화투자증권우
002880,대유에이텍
145270,케이탑리츠
020180,대신정보통신
331520,밸로프
089150,케이씨티
051780,큐로홀딩스
005670,푸드웰
065440,이루온
289010,아이스크림에듀
051630,진양화학
195500,마니커에프앤지
023770,플레이위드
162120,루켄테크놀러지스
448900,한국피아이엠
039010,현대에이치티
203450,유니온커뮤니티
032980,바이온
317240,TS트릴리온
006050,국영지앤엠
024840,KBI메탈
197140,디지캡
072130,유엔젤
245620,EDGC
013810,스페코
900110,이스트아시아홀딩스
054300,팬스타엔터프라이즈
192410,휴림네트웍스
012280,영화금속
035620,바른손이앤에이
187270,신화콘텍
037400,우리엔터프라이즈
010770,평화홀딩스
032960,동일기연
222980,한국맥널티
192390,윈하이텍
021650,한국큐빅
079970,투비소프트
327610,펨토바이오메드
214870,뉴지랩파마
198080,엔피디
215790,이노인스트루먼트
121850,코이즈
131220,대한과학
131090,시큐브
019175,신풍제약우
006570,대림통상
123840,한일진공
302920,더콘텐츠온
263020,디케이앤디
065170,비엘팜텍
032750,삼진
317120,라닉스
291810,핀텔
143540,영우디에스피
219550,디와이디
332370,아이디피
448740,삼성스팩8호
031860,에스유홀딩스
018680,서울제약
210120,빅텐츠
354390,바스칸바이오제약
122830,원포유
005320,국동
119500,포메탈
051390,YW
238200,비피도
290560,신시웨이
356890,싸이버원
353190,휴럼
089530,에이티세미콘
176590,코나솔
067010,이씨에스
021040,대호특수강
114450,그린생명과학
030350,드래곤플라이
093240,형지엘리트
006920,모헨즈
036180,지더블유바이텍
006200,한국전자홀딩스
017510,세명전기
080530,코디
290660,네오펙트
083640,인콘
123750,알톤스포츠
005820,원림
039310,세중
079170,한창산업
092600,앤씨앤
001070,대한방직
184230,SGA솔루션즈
054090,삼진엘앤디
000760,이화산업
129890,앱코
127710,아시아경제
114630,폴라리스우노
130500,GH신소재
187790,나노
009190,대양금속
187660,에이디엠코리아
189860,서전기전
017000,신원종합개발
008600,윌비스
036480,대성미생물
372800,아이티아이즈
020400,대동금속
000215,DL우
045510,정원엔시스
025880,케이씨피드
048470,대동스틸
042940,상지카일룸
006125,SK디스커버리우
336040,타스컴
303360,프로티아
001810,무림SP
343090,HLB사이언스
036000,예림당
230980,비유테크놀러지
060380,동양에스텍
243870,굿센
115480,씨유메디칼
075130,플랜티넷
008470,부스타
045300,성우테크론
131760,파인텍
313760,윌링스
050120,ES큐브
060240,룽투코리아
016100,리더스코스메틱
076610,해성옵틱스
435620,하나금융25호스팩
060900,DGP
101000,상상인인더스트리
071850,캐스텍코리아
37550K,DL이앤씨우
016920,카스
024070,WISCOM
320000,윈텍
163430,디피코
001000,신라섬유
246250,에스엘에스바이오
204630,스튜디오산타클로스
065500,오리엔트정공
010400,우진아이엔에스
013000,세우글로벌
012620,원일특강
091970,나노캠텍
014100,메디앙스
168490,한국패러랠
043590,웰킵스하이텍
113810,디젠스
003465,유화증권우
089230,THE E&M
095910,에스에너지
200580,메디쎄이
005030,부산주공
331380,포커스에이치엔에스
044480,블레이드 Ent
080720,한국유니온제약
001420,태원물산
252500,세화피앤씨
456570,아이엠지티
215480,토박스코리아
318160,셀바이오휴먼텍
000950,전방
049120,파인디앤씨
311960,에이아이더뉴트리진
133820,화인베스틸
084670,동양고속
290270,휴네시온
104040,대성파인텍
002690,동일제강
352940,인바이오
093380,풍강
190650,코리아에셋투자증권
016670,디모아
082660,코스나인
086060,진바이오텍
208350,지란지교시큐리티
094860,네오리진
080470,성창오토텍
084870,TBH글로벌
045340,토탈소프트
002070,비비안
002680,한탑
035460,기산텔레콤
900340,윙입푸드
296640,이노룰스
237750,피앤씨테크
380540,옵티코어
052770,아이톡시
258790,소프트캠프
026040,제이에스티나
072950,빛샘전자
138360,협진
007120,미래아이앤지
043710,서울리거
148780,비플라이소프트
065570,삼영이엔씨
101400,엔시트론
131180,딜리
054180,메디콕스
050760,에스폴리텍
008775,호텔신라우
032080,아즈텍WB
035200,프럼파스트
117670,알파홀딩스
033050,제이엠아이
111870,KH 전자
079000,와토스코리아
018620,우진비앤지
456190,큐라켐
079190,케스피온
048830,엔피케이
317530,캐리소프트
083470,이엠앤아이
003680,한성기업
019660,글로본
452980,신한제11호스팩
434190,탈로스
012210,삼미금속
043090,엑서지21
049470,SGA
060260,뉴보텍
148250,알엔투테크놀로지
019570,리더스 기술투자
009310,참엔지니어링
310870,디와이씨
067730,로지시스
025890,한국주강
002420,세기상사
011090,에넥스
091340,S&K폴리텍
331920,셀레믹스
038340,MIT
032800,판타지오
044380,주연테크
439250,삼성스팩7호
006380,카프로
003475,유안타증권우
191600,블루탑
154040,다산솔루에타
009140,경인전자
081580,성우전자
154030,아시아종묘
014910,성문전자
000040,KR모터스
085810,알티캐스트
065150,DSEN
044780,에이치케이
130740,티피씨글로벌
030720,동원수산
344860,이노진
225590,패션플랫폼
058530,파나케이아
063760,이엘피
051380,피씨디렉트
333050,모코엠시스
079650,서산
076340,관악산업
053060,세동
308100,까스텔바작
019490,하이트론
032280,삼일
038530,케이바이오
015020,이스타코
039740,한국정보공학
084440,유비온
365900,브이씨
002820,SUN&L
001465,BYC우
275630,에스에스알
001210,금호전기
025870,신라에스지
290690,소룩스
099410,동방선기
206950,볼빅
058450,엔터파트너즈
179530,애드바이오텍
073190,듀오백
00499K,롯데지주우
035290,골드앤에스
217620,디딤이앤에프
068940,셀피글로벌
33626L,두산퓨얼셀2우B
322970,무진메디
446440,에피바이오텍
346010,타이드
900070,글로벌에스엠
054940,엑사이엔씨
008290,원풍물산
002870,신풍
054410,케이피티유
027040,서울전자통신
224060,더코디
023790,동일철강
403360,라피치
103230,에스앤더블류
900300,오가닉티코스메틱
019685,대교우B
361670,삼영에스앤씨
402420,켈스
900120,씨엑스아이
451700,엔에이치스팩29호
106240,파인테크닉스
424760,벨로크
060480,국일신동
054220,비츠로시스
043200,파루
233250,메디안디노스틱
003495,대한항공우
001685,대상우
079950,인베니아
335870,윙스풋
043100,솔고바이오
188260,세니젠
086220,비엘헬스케어
225430,케이엠제약
191410,육일씨엔에쓰
219750,지티지웰니스
098660,에스티오
149010,아이케이세미콘
215380,우정바이오
169670,코스텍시스템
257990,나우코스
084695,대상홀딩스우
196700,웹스
017250,인터엠
379390,이성씨엔아이
073540,에프알텍
279060,이노벡스
066430,와이오엠
005257,녹십자홀딩스2우
043360,디지아이
377460,위니아에이드
299910,베스파
088790,진도
311060,엘에이티
223310,커머스마이너
900260,로스웰
004365,세방우
001770,SHD
159910,스킨앤스킨
069140,누리플랜
010420,한솔PNS
134060,이퓨쳐
208860,엔지스테크널러지
207490,에이펙스인텍
001140,국보
033790,스카이문스테크놀로지
065770,CS
005110,한창
114120,크루셜텍
026910,광진실업
250930,예선테크
152550,한국ANKOR유전
115570,스타플렉스
123330,제닉
025620,제이준코스메틱
070590,한솔인티큐브
347700,라이프시맨틱스
054630,에이디칩스
212310,휴벡셀
464680,KB제27호스팩
244460,올리패스
067770,세진티에스
115530,씨엔플러스
121890,에스디시스템
011080,형지I&C
072520,제넨바이오
004105,태양금속우
199150,데이터스트림즈
390110,애니메디솔루션
214310,에스엘에너지
456700,길교이앤씨
070300,엑스큐어
069330,유아이디
071460,위니아
251280,안지오랩
900280,골든센츄리
065690,파커스
050090,비케이홀딩스
446600,카이바이오텍
108675,LX하우시스우
35320K,대덕전자1우
468510,삼성스팩9호
101680,한국정밀기계
000300,대유플러스
007815,코리아써우
223220,로지스몬
317860,노드메이슨
062970,피피아이
253610,루트락
002355,넥센타이어1우B
052960,태양3C
372290,하나머스트7호스팩
096870,엘디티
004835,덕성우
030790,비케이탑스
044180,KD
449020,유안타제13호스팩
001795,대한제당우
222670,플럼라인생명과학
086460,큐러블
078860,아이오케이
404950,DB금융스팩10호
071950,코아스
065420,에스아이리소스
149300,아퓨어스
283100,노보믹스
33637L,솔루스첨단소재2우B
000087,하이트진로2우B
217880,틸론
439410,엔에이치스팩26호
900270,헝셩그룹
208850,이비테크
466910,엔에이치스팩30호
430230,하나금융24호스팩
457630,대신밸런스제16호스팩
199290,바이오프로테크
388610,지에프씨생명과학
179720,렌딩머신
224760,엔에스컴퍼니
000075,삼양홀딩스우
004255,NPC우
238500,로보쓰리에이아이앤로보틱스
106520,노블엠앤비
427950,하나금융23호스팩
140910,에이리츠
227420,도부마스크
440820,엔에이치스팩27호
244880,나눔테크
008500,일정실업
296520,가이아코퍼레이션
424140,케이비제21호스팩
000885,한화우
406760,하나금융21호스팩
002025,코오롱우
436530,케이비제22호스팩
046070,코다코
217480,에스디생명공학
331660,한국미라클피플사
393360,신한제8호스팩
254160,제이엠멀티
422040,엔에이치스팩23호
413630,유진스팩8호
457390,대신밸런스제15호스팩
18064K,한진칼우
286000,씨엔티드림
454750,하나28호스팩
426550,IBKS제19호스팩
430220,신영스팩8호
442310,대신밸런스제14호스팩
45014K,코오롱모빌리티그룹우
469880,하나30호스팩
38380K,LX홀딩스1우
177350,베셀
224810,엄지하우스
397880,교보11호스팩
412930,미래에셋비전스팩1호
351020,미쥬
248020,젬
438220,대신밸런스제13호스팩
03481K,해성산업1우
003075,코오롱글로벌우
000225,유유제약1우
001067,JW중외제약2우B
421800,교보12호스팩
425290,삼성스팩6호
258250,셀젠텍
418170,하나금융22호스팩
436610,한국제11호스팩
388800,유진스팩7호
446750,하나26호스팩
430460,한화플러스제3호스팩
236340,메디젠휴먼케어
446840,키움제8호스팩
178600,대동고려삼
341310,이앤에치
435380,유안타제10호스팩
174880,장원테크
189350,코셋
447690,아이오바이오
103660,씨앗
448370,하나27호스팩
456440,DB금융스팩11호
445970,신영스팩9호
001065,JW중외제약우
112190,KC산업
458320,KB제26호스팩
430700,유안타제9호스팩
454640,하나29호스팩
289170,바이오텐
415580,상상인제3호스팩
136660,큐엠씨
405640,신한제9호스팩
066830,제노텍
058220,아리온
093510,엔지브이아이
400840,하이제7호스팩
444920,유안타제11호스팩
005725,넥센우
419270,신영스팩7호
455910,에스케이증권제9호스팩
437780,엔에이치스팩24호
377400,하이제6호스팩
450050,하이제8호스팩
446190,미래에셋비전스팩2호
452670,상상인제4호스팩
202960,판도라티비
455310,한화플러스제4호스팩
448830,미래에셋비전스팩3호
008355,남선알미우
439730,IBKS제20호스팩
299670,에스엠비나
448760,IBKS제22호스팩
380320,삼성머스트스팩5호
45226K,한화갤러리아우
234070,에이원알폼
446150,유안타제12호스팩
00806K,대덕1우
145995,삼양사우
250030,진코스텍
150440,피노텍
442770,IBKS제21호스팩
185190,수프로
000325,노루홀딩스우
001515,SK증권우
450940,유안타제14호스팩
004985,성신양회우
238170,엔에스엠
233990,질경이
445360,비엔케이제1호스팩
455250,KB제25호스팩
467930,IBKS제23호스팩
464440,한국제13호스팩
456490,교보14호스팩
458610,한국제12호스팩
440790,교보13호스팩
462020,에이치엠씨제6호스팩
386580,한화플러스제2호스팩
433530,키움제7호스팩
435870,에스케이증권제8호스팩
26490K,크라운제과우
090355,노루페인트우
236030,씨알푸드
418210,신한제10호스팩
161570,THE MIDONG
465320,교보15호스팩
442130,유진스팩9호
36328K,티와이홀딩스우
438580,엔에이치스팩25호
413600,키움제6호스팩
007575,일양약품우
457940,에스케이증권제10호스팩
116100,태양기계
014825,동원시스템즈우
006345,대원전선우
001755,한양증권우
005745,크라운해태홀딩스우
258050,테크트랜스
00781K,코리아써키트2우B
448780,마이크로엔엑스
258540,에스엘테라퓨틱스
000145,하이트진로홀딩스우
005965,동부건설우
217910,에스제이켐
014285,금강공업우
114920,대주이엔티
121060,유니포인트
276240,엘리비젼
224020,에스케이씨에스
266470,바이오인프라생명과학
208890,미래엔에듀파트너
004545,깨끗한나라우
002995,금호건설우
012205,계양전기우
215570,크로넥스
092590,럭스피아
270210,에스알바이오텍
011155,CJ씨푸드1우
266870,파워풀엑스
009415,태영건설우
004415,서울식품우
000545,흥국화재우
002785,진흥기업우B
140660,위월드
014915,성문전자우
183410,골프존데카
032685,소프트센우
000227,유유제약2우B
001525,동양우
002787,진흥기업2우B
266170,뿌리깊은나무들
413300,티엘엔지니어링
001527,동양2우B
318660,타임기술
021045,대호특수강우
299480,지앤이헬스케어
288490,나라소프트
217320,썬테크
308700,테크엔
245450,씨앤에스링크
322190,베른
141020,디에스앤엘
